user_id,review_text
1,I absolutely love this product! It works perfectly.
2,Terrible quality. Not worth the money.
3,It's okay, but I expected better.
4,Best purchase I’ve made this year!
5,The product broke within a week. Very disappointed.
6,Customer service was great, but the product is average.
7,I don't know what to say, it's just okay.
8,Highly recommend! Exceeded my expectations.
9,Waste of money. Do not buy!
10,I'm not sure about this product. Mixed feelings.
11,This product saved me so much time. I love it!
12,Not as described. False advertising.
13,It's just decent, nothing extraordinary.
14,I'm so happy with my purchase! Will buy again.
15,The worst experience I've ever had with a product.
16,Very comfortable and well-designed.
17,Too expensive for the quality you get.
18,Super fast shipping and great service.
19,Broke after a few uses. Poor durability.
20,I'm impressed! Way better than I expected.
21,Not happy with this product. Expected more.
22,Love the color and build quality!
23,This made my life so much easier.
24,Annoying to set up, but works well once running.
25,Feels cheap and flimsy.
26,Can't believe how great this works!
27,Overhyped. Wouldn’t recommend.
28,It was okay, but I've used better products.
29,Works exactly as described!
30,Not worth the price at all.
31,Completely changed how I work. Fantastic!
32,Packaging was damaged on arrival.
33,It's alright but needs some improvements.
34,The app integration is really bad.
35,My friend recommended it, and I love it!
36,Would not buy again. Very disappointing.
37,The best decision I made this year!
38,Annoying customer service. Didn't help at all.
39,This should be cheaper for what it offers.
40,Easy to use and very effective.
41,My order arrived late. Not happy.
42,Surprisingly good for the price.
43,They sent me the wrong item!
44,Not user-friendly at all.
45,This is an amazing product! Highly recommended.
46,Hard to install, but once set up, it's great.
47,I'm returning this. Not satisfied.
48,Perfect for my needs. I love it.
49,Product is okay, but shipping was slow.
50,I don’t understand the hype. It’s average.
51,The instructions were unclear and confusing.
52,Great for beginners! Super easy to use.
53,Customer support was quick and helpful.
54,Didn't meet my expectations.
55,Fantastic design and super lightweight.
56,It was defective when it arrived.
57,The battery life is terrible.
58,So much better than competing brands!
59,Great value for money.
60,This was a complete waste of my time.